,Loan_ID,Dependents,Education,Self_Employed,ApplicantIncome,CoapplicantIncome,LoanAmount,Loan_Amount_Term,Credit_History,Property_Area,Loan_Status
0,LP001002,0,Graduate,No,5849,0.0,,360.0,1.0,Urban,Y
1,LP001003,1,Graduate,No,4583,1508.0,128.0,360.0,1.0,Rural,N
2,LP001005,0,Graduate,Yes,3000,0.0,66.0,360.0,1.0,Urban,Y
3,LP001006,0,Not Graduate,No,2583,2358.0,120.0,360.0,1.0,Urban,Y
4,LP001008,0,Graduate,No,6000,0.0,141.0,360.0,1.0,Urban,Y
5,LP001011,2,Graduate,Yes,5417,4196.0,267.0,360.0,1.0,Urban,Y
6,LP001013,0,Not Graduate,No,2333,1516.0,95.0,360.0,1.0,Urban,Y
7,LP001014,3+,Graduate,No,3036,2504.0,158.0,360.0,0.0,Semiurban,N
8,LP001018,2,Graduate,No,4006,1526.0,168.0,360.0,1.0,Urban,Y
9,LP001020,1,Graduate,No,12841,10968.0,349.0,360.0,1.0,Semiurban,N
10,LP001024,2,Graduate,No,3200,700.0,70.0,360.0,1.0,Urban,Y
11,LP001027,2,Graduate,,2500,1840.0,109.0,360.0,1.0,Urban,Y
12,LP001028,2,Graduate,No,3073,8106.0,200.0,360.0,1.0,Urban,Y
13,LP001029,0,Graduate,No,1853,2840.0,114.0,360.0,1.0,Rural,N
14,LP001030,2,Graduate,No,1299,1086.0,17.0,120.0,1.0,Urban,Y
15,LP001032,0,Graduate,No,4950,0.0,125.0,360.0,1.0,Urban,Y
16,LP001034,1,Not Graduate,No,3596,0.0,100.0,240.0,,Urban,Y
17,LP001036,0,Graduate,No,3510,0.0,76.0,360.0,0.0,Urban,N
18,LP001038,0,Not Graduate,No,4887,0.0,133.0,360.0,1.0,Rural,N
19,LP001041,0,Graduate,,2600,3500.0,115.0,,1.0,Urban,Y
20,LP001043,0,Not Graduate,No,7660,0.0,104.0,360.0,0.0,Urban,N
21,LP001046,1,Graduate,No,5955,5625.0,315.0,360.0,1.0,Urban,Y
22,LP001047,0,Not Graduate,No,2600,1911.0,116.0,360.0,0.0,Semiurban,N
23,LP001050,2,Not Graduate,No,3365,1917.0,112.0,360.0,0.0,Rural,N
24,LP001052,1,Graduate,,3717,2925.0,151.0,360.0,,Semiurban,N
25,LP001066,0,Graduate,Yes,9560,0.0,191.0,360.0,1.0,Semiurban,Y
26,LP001068,0,Graduate,No,2799,2253.0,122.0,360.0,1.0,Semiurban,Y
27,LP001073,2,Not Graduate,No,4226,1040.0,110.0,360.0,1.0,Urban,Y
28,LP001086,0,Not Graduate,No,1442,0.0,35.0,360.0,1.0,Urban,N
29,LP001087,2,Graduate,,3750,2083.0,120.0,360.0,1.0,Semiurban,Y
30,LP001091,1,Graduate,,4166,3369.0,201.0,360.0,,Urban,N
31,LP001095,0,Graduate,No,3167,0.0,74.0,360.0,1.0,Urban,N
32,LP001097,1,Graduate,Yes,4692,0.0,106.0,360.0,1.0,Rural,N
33,LP001098,0,Graduate,No,3500,1667.0,114.0,360.0,1.0,Semiurban,Y
34,LP001100,3+,Graduate,No,12500,3000.0,320.0,360.0,1.0,Rural,N
35,LP001106,0,Graduate,No,2275,2067.0,,360.0,1.0,Urban,Y
36,LP001109,0,Graduate,No,1828,1330.0,100.0,,0.0,Urban,N
37,LP001112,0,Graduate,No,3667,1459.0,144.0,360.0,1.0,Semiurban,Y
38,LP001114,0,Graduate,No,4166,7210.0,184.0,360.0,1.0,Urban,Y
39,LP001116,0,Not Graduate,No,3748,1668.0,110.0,360.0,1.0,Semiurban,Y
40,LP001119,0,Graduate,No,3600,0.0,80.0,360.0,1.0,Urban,N
41,LP001120,0,Graduate,No,1800,1213.0,47.0,360.0,1.0,Urban,Y
42,LP001123,0,Graduate,No,2400,0.0,75.0,360.0,,Urban,Y
43,LP001131,0,Graduate,No,3941,2336.0,134.0,360.0,1.0,Semiurban,Y
44,LP001136,0,Not Graduate,Yes,4695,0.0,96.0,,1.0,Urban,Y
45,LP001137,0,Graduate,No,3410,0.0,88.0,,1.0,Urban,Y
46,LP001138,1,Graduate,No,5649,0.0,44.0,360.0,1.0,Urban,Y
47,LP001144,0,Graduate,No,5821,0.0,144.0,360.0,1.0,Urban,Y
48,LP001146,0,Graduate,No,2645,3440.0,120.0,360.0,0.0,Urban,N
49,LP001151,0,Graduate,No,4000,2275.0,144.0,360.0,1.0,Semiurban,Y
50,LP001155,0,Not Graduate,No,1928,1644.0,100.0,360.0,1.0,Semiurban,Y
51,LP001157,0,Graduate,No,3086,0.0,120.0,360.0,1.0,Semiurban,Y
52,LP001164,0,Graduate,No,4230,0.0,112.0,360.0,1.0,Semiurban,N
53,LP001179,2,Graduate,No,4616,0.0,134.0,360.0,1.0,Urban,N
54,LP001186,1,Graduate,Yes,11500,0.0,286.0,360.0,0.0,Urban,N
55,LP001194,2,Graduate,No,2708,1167.0,97.0,360.0,1.0,Semiurban,Y
56,LP001195,0,Graduate,No,2132,1591.0,96.0,360.0,1.0,Semiurban,Y
57,LP001197,0,Graduate,No,3366,2200.0,135.0,360.0,1.0,Rural,N
58,LP001198,1,Graduate,No,8080,2250.0,180.0,360.0,1.0,Urban,Y
59,LP001199,2,Not Graduate,No,3357,2859.0,144.0,360.0,1.0,Urban,Y
60,LP001205,0,Graduate,No,2500,3796.0,120.0,360.0,1.0,Urban,Y
61,LP001206,3+,Graduate,No,3029,0.0,99.0,360.0,1.0,Urban,Y
62,LP001207,0,Not Graduate,Yes,2609,3449.0,165.0,180.0,0.0,Rural,N
63,LP001213,1,Graduate,No,4945,0.0,,360.0,0.0,Rural,N
64,LP001222,0,Graduate,No,4166,0.0,116.0,360.0,0.0,Semiurban,N
65,LP001225,0,Graduate,No,5726,4595.0,258.0,360.0,1.0,Semiurban,N
66,LP001228,0,Not Graduate,No,3200,2254.0,126.0,180.0,0.0,Urban,N
67,LP001233,1,Graduate,No,10750,0.0,312.0,360.0,1.0,Urban,Y
68,LP001238,3+,Not Graduate,Yes,7100,0.0,125.0,60.0,1.0,Urban,Y
69,LP001241,0,Graduate,No,4300,0.0,136.0,360.0,0.0,Semiurban,N
70,LP001243,0,Graduate,No,3208,3066.0,172.0,360.0,1.0,Urban,Y
71,LP001245,2,Not Graduate,Yes,1875,1875.0,97.0,360.0,1.0,Semiurban,Y
72,LP001248,0,Graduate,No,3500,0.0,81.0,300.0,1.0,Semiurban,Y
73,LP001250,3+,Not Graduate,No,4755,0.0,95.0,,0.0,Semiurban,N
74,LP001253,3+,Graduate,Yes,5266,1774.0,187.0,360.0,1.0,Semiurban,Y
75,LP001255,0,Graduate,No,3750,0.0,113.0,480.0,1.0,Urban,N
76,LP001256,0,Graduate,No,3750,4750.0,176.0,360.0,1.0,Urban,N
77,LP001259,1,Graduate,Yes,1000,3022.0,110.0,360.0,1.0,Urban,N
78,LP001263,3+,Graduate,No,3167,4000.0,180.0,300.0,0.0,Semiurban,N
79,LP001264,3+,Not Graduate,Yes,3333,2166.0,130.0,360.0,,Semiurban,Y
80,LP001265,0,Graduate,No,3846,0.0,111.0,360.0,1.0,Semiurban,Y
81,LP001266,1,Graduate,Yes,2395,0.0,,360.0,1.0,Semiurban,Y
82,LP001267,2,Graduate,No,1378,1881.0,167.0,360.0,1.0,Urban,N
83,LP001273,0,Graduate,No,6000,2250.0,265.0,360.0,,Semiurban,N
84,LP001275,1,Graduate,No,3988,0.0,50.0,240.0,1.0,Urban,Y
85,LP001279,0,Graduate,No,2366,2531.0,136.0,360.0,1.0,Semiurban,Y
86,LP001280,2,Not Graduate,No,3333,2000.0,99.0,360.0,,Semiurban,Y
87,LP001282,0,Graduate,No,2500,2118.0,104.0,360.0,1.0,Semiurban,Y
88,LP001289,0,Graduate,No,8566,0.0,210.0,360.0,1.0,Urban,Y
89,LP001310,0,Graduate,No,5695,4167.0,175.0,360.0,1.0,Semiurban,Y
90,LP001316,0,Graduate,No,2958,2900.0,131.0,360.0,1.0,Semiurban,Y
91,LP001318,2,Graduate,No,6250,5654.0,188.0,180.0,1.0,Semiurban,Y
92,LP001319,2,Not Graduate,No,3273,1820.0,81.0,360.0,1.0,Urban,Y
93,LP001322,0,Graduate,No,4133,0.0,122.0,360.0,1.0,Semiurban,Y
94,LP001325,0,Not Graduate,No,3620,0.0,25.0,120.0,1.0,Semiurban,Y
95,LP001326,0,Graduate,,6782,0.0,,360.0,,Urban,N
96,LP001327,0,Graduate,No,2484,2302.0,137.0,360.0,1.0,Semiurban,Y
97,LP001333,0,Graduate,No,1977,997.0,50.0,360.0,1.0,Semiurban,Y
98,LP001334,0,Not Graduate,No,4188,0.0,115.0,180.0,1.0,Semiurban,Y
99,LP001343,0,Graduate,No,1759,3541.0,131.0,360.0,1.0,Semiurban,Y
100,LP001345,2,Not Graduate,No,4288,3263.0,133.0,180.0,1.0,Urban,Y
101,LP001349,0,Graduate,No,4843,3806.0,151.0,360.0,1.0,Semiurban,Y
102,LP001350,,Graduate,No,13650,0.0,,360.0,1.0,Urban,Y
103,LP001356,0,Graduate,No,4652,3583.0,,360.0,1.0,Semiurban,Y
104,LP001357,,Graduate,No,3816,754.0,160.0,360.0,1.0,Urban,Y
105,LP001367,1,Graduate,No,3052,1030.0,100.0,360.0,1.0,Urban,Y
106,LP001369,2,Graduate,No,11417,1126.0,225.0,360.0,1.0,Urban,Y
107,LP001370,0,Not Graduate,,7333,0.0,120.0,360.0,1.0,Rural,N
108,LP001379,2,Graduate,No,3800,3600.0,216.0,360.0,0.0,Urban,N
109,LP001384,3+,Not Graduate,No,2071,754.0,94.0,480.0,1.0,Semiurban,Y
110,LP001385,0,Graduate,No,5316,0.0,136.0,360.0,1.0,Urban,Y
111,LP001387,0,Graduate,,2929,2333.0,139.0,360.0,1.0,Semiurban,Y
112,LP001391,0,Not Graduate,No,3572,4114.0,152.0,,0.0,Rural,N
113,LP001392,1,Graduate,Yes,7451,0.0,,360.0,1.0,Semiurban,Y
114,LP001398,0,Graduate,,5050,0.0,118.0,360.0,1.0,Semiurban,Y
115,LP001401,1,Graduate,No,14583,0.0,185.0,180.0,1.0,Rural,Y
116,LP001404,0,Graduate,No,3167,2283.0,154.0,360.0,1.0,Semiurban,Y
117,LP001405,1,Graduate,No,2214,1398.0,85.0,360.0,,Urban,Y
118,LP001421,0,Graduate,No,5568,2142.0,175.0,360.0,1.0,Rural,N
119,LP001422,0,Graduate,No,10408,0.0,259.0,360.0,1.0,Urban,Y
120,LP001426,,Graduate,No,5667,2667.0,180.0,360.0,1.0,Rural,Y
121,LP001430,0,Graduate,No,4166,0.0,44.0,360.0,1.0,Semiurban,Y
122,LP001431,0,Graduate,No,2137,8980.0,137.0,360.0,0.0,Semiurban,Y
123,LP001432,2,Graduate,No,2957,0.0,81.0,360.0,1.0,Semiurban,Y
124,LP001439,0,Not Graduate,No,4300,2014.0,194.0,360.0,1.0,Rural,Y
125,LP001443,0,Graduate,No,3692,0.0,93.0,360.0,,Rural,Y
126,LP001448,3+,Graduate,No,23803,0.0,370.0,360.0,1.0,Rural,Y
127,LP001449,0,Graduate,No,3865,1640.0,,360.0,1.0,Rural,Y
128,LP001451,1,Graduate,Yes,10513,3850.0,160.0,180.0,0.0,Urban,N
129,LP001465,0,Graduate,No,6080,2569.0,182.0,360.0,,Rural,N
130,LP001469,0,Graduate,Yes,20166,0.0,650.0,480.0,,Urban,Y
131,LP001473,0,Graduate,No,2014,1929.0,74.0,360.0,1.0,Urban,Y
132,LP001478,0,Graduate,No,2718,0.0,70.0,360.0,1.0,Semiurban,Y
133,LP001482,0,Graduate,Yes,3459,0.0,25.0,120.0,1.0,Semiurban,Y
134,LP001487,0,Graduate,No,4895,0.0,102.0,360.0,1.0,Semiurban,Y
135,LP001488,3+,Graduate,No,4000,7750.0,290.0,360.0,1.0,Semiurban,N
136,LP001489,0,Graduate,No,4583,0.0,84.0,360.0,1.0,Rural,N
137,LP001491,2,Graduate,Yes,3316,3500.0,88.0,360.0,1.0,Urban,Y
138,LP001492,0,Graduate,No,14999,0.0,242.0,360.0,0.0,Semiurban,N
139,LP001493,2,Not Graduate,No,4200,1430.0,129.0,360.0,1.0,Rural,N
140,LP001497,2,Graduate,No,5042,2083.0,185.0,360.0,1.0,Rural,N
141,LP001498,0,Graduate,No,5417,0.0,168.0,360.0,1.0,Urban,Y
142,LP001504,0,Graduate,Yes,6950,0.0,175.0,180.0,1.0,Semiurban,Y
143,LP001507,0,Graduate,No,2698,2034.0,122.0,360.0,1.0,Semiurban,Y
144,LP001508,2,Graduate,No,11757,0.0,187.0,180.0,1.0,Urban,Y
145,LP001514,0,Graduate,No,2330,4486.0,100.0,360.0,1.0,Semiurban,Y
146,LP001516,2,Graduate,No,14866,0.0,70.0,360.0,1.0,Urban,Y
147,LP001518,1,Graduate,No,1538,1425.0,30.0,360.0,1.0,Urban,Y
148,LP001519,0,Graduate,No,10000,1666.0,225.0,360.0,1.0,Rural,N
149,LP001520,0,Graduate,No,4860,830.0,125.0,360.0,1.0,Semiurban,Y
150,LP001528,0,Graduate,No,6277,0.0,118.0,360.0,0.0,Rural,N
151,LP001529,0,Graduate,Yes,2577,3750.0,152.0,360.0,1.0,Rural,Y
152,LP001531,0,Graduate,No,9166,0.0,244.0,360.0,1.0,Urban,N
153,LP001532,2,Not Graduate,No,2281,0.0,113.0,360.0,1.0,Rural,N
154,LP001535,0,Graduate,No,3254,0.0,50.0,360.0,1.0,Urban,Y
155,LP001536,3+,Graduate,No,39999,0.0,600.0,180.0,0.0,Semiurban,Y
156,LP001541,1,Graduate,No,6000,0.0,160.0,360.0,,Rural,Y
157,LP001543,1,Graduate,No,9538,0.0,187.0,360.0,1.0,Urban,Y
158,LP001546,0,Graduate,,2980,2083.0,120.0,360.0,1.0,Rural,Y
159,LP001552,0,Graduate,No,4583,5625.0,255.0,360.0,1.0,Semiurban,Y
160,LP001560,0,Not Graduate,No,1863,1041.0,98.0,360.0,1.0,Semiurban,Y
161,LP001562,0,Graduate,No,7933,0.0,275.0,360.0,1.0,Urban,N
162,LP001565,1,Graduate,No,3089,1280.0,121.0,360.0,0.0,Semiurban,N
163,LP001570,2,Graduate,No,4167,1447.0,158.0,360.0,1.0,Rural,Y
164,LP001572,0,Graduate,No,9323,0.0,75.0,180.0,1.0,Urban,Y
165,LP001574,0,Graduate,No,3707,3166.0,182.0,,1.0,Rural,Y
166,LP001577,0,Graduate,No,4583,0.0,112.0,360.0,1.0,Rural,N
167,LP001578,0,Graduate,No,2439,3333.0,129.0,360.0,1.0,Rural,Y
168,LP001579,0,Graduate,No,2237,0.0,63.0,480.0,0.0,Semiurban,N
169,LP001580,2,Graduate,No,8000,0.0,200.0,360.0,1.0,Semiurban,Y
170,LP001581,0,Not Graduate,,1820,1769.0,95.0,360.0,1.0,Rural,Y
171,LP001585,3+,Graduate,No,51763,0.0,700.0,300.0,1.0,Urban,Y
172,LP001586,3+,Not Graduate,No,3522,0.0,81.0,180.0,1.0,Rural,N
173,LP001594,0,Graduate,No,5708,5625.0,187.0,360.0,1.0,Semiurban,Y
174,LP001603,0,Not Graduate,Yes,4344,736.0,87.0,360.0,1.0,Semiurban,N
175,LP001606,0,Graduate,No,3497,1964.0,116.0,360.0,1.0,Rural,Y
176,LP001608,2,Graduate,No,2045,1619.0,101.0,360.0,1.0,Rural,Y
177,LP001610,3+,Graduate,No,5516,11300.0,495.0,360.0,0.0,Semiurban,N
178,LP001616,1,Graduate,No,3750,0.0,116.0,360.0,1.0,Semiurban,Y
179,LP001630,0,Not Graduate,No,2333,1451.0,102.0,480.0,0.0,Urban,N
180,LP001633,1,Graduate,No,6400,7250.0,180.0,360.0,0.0,Urban,N
181,LP001634,0,Graduate,No,1916,5063.0,67.0,360.0,,Rural,N
182,LP001636,0,Graduate,No,4600,0.0,73.0,180.0,1.0,Semiurban,Y
183,LP001637,1,Graduate,No,33846,0.0,260.0,360.0,1.0,Semiurban,N
184,LP001639,0,Graduate,No,3625,0.0,108.0,360.0,1.0,Semiurban,Y
185,LP001640,0,Graduate,Yes,39147,4750.0,120.0,360.0,1.0,Semiurban,Y
186,LP001641,1,Graduate,Yes,2178,0.0,66.0,300.0,0.0,Rural,N
187,LP001643,0,Graduate,No,2383,2138.0,58.0,360.0,,Rural,Y
188,LP001644,0,Graduate,Yes,674,5296.0,168.0,360.0,1.0,Rural,Y
189,LP001647,0,Graduate,No,9328,0.0,188.0,180.0,1.0,Rural,Y
190,LP001653,0,Not Graduate,No,4885,0.0,48.0,360.0,1.0,Rural,Y
191,LP001656,0,Graduate,No,12000,0.0,164.0,360.0,1.0,Semiurban,N
192,LP001657,0,Not Graduate,No,6033,0.0,160.0,360.0,1.0,Urban,N
193,LP001658,0,Graduate,No,3858,0.0,76.0,360.0,1.0,Semiurban,Y
194,LP001664,0,Graduate,No,4191,0.0,120.0,360.0,1.0,Rural,Y
195,LP001665,1,Graduate,No,3125,2583.0,170.0,360.0,1.0,Semiurban,N
196,LP001666,0,Graduate,No,8333,3750.0,187.0,360.0,1.0,Rural,Y
197,LP001669,0,Not Graduate,No,1907,2365.0,120.0,,1.0,Urban,Y
198,LP001671,0,Graduate,No,3416,2816.0,113.0,360.0,,Semiurban,Y
199,LP001673,0,Graduate,Yes,11000,0.0,83.0,360.0,1.0,Urban,N
200,LP001674,1,Not Graduate,No,2600,2500.0,90.0,360.0,1.0,Semiurban,Y
201,LP001677,2,Graduate,No,4923,0.0,166.0,360.0,0.0,Semiurban,Y
202,LP001682,3+,Not Graduate,No,3992,0.0,,180.0,1.0,Urban,N
203,LP001688,1,Not Graduate,No,3500,1083.0,135.0,360.0,1.0,Urban,Y
204,LP001691,2,Not Graduate,No,3917,0.0,124.0,360.0,1.0,Semiurban,Y
205,LP001692,0,Not Graduate,No,4408,0.0,120.0,360.0,1.0,Semiurban,Y
206,LP001693,0,Graduate,No,3244,0.0,80.0,360.0,1.0,Urban,Y
207,LP001698,0,Not Graduate,No,3975,2531.0,55.0,360.0,1.0,Rural,Y
208,LP001699,0,Graduate,No,2479,0.0,59.0,360.0,1.0,Urban,Y
209,LP001702,0,Graduate,No,3418,0.0,127.0,360.0,1.0,Semiurban,N
210,LP001708,0,Graduate,No,10000,0.0,214.0,360.0,1.0,Semiurban,N
211,LP001711,3+,Graduate,No,3430,1250.0,128.0,360.0,0.0,Semiurban,N
212,LP001713,1,Graduate,Yes,7787,0.0,240.0,360.0,1.0,Urban,Y
213,LP001715,3+,Not Graduate,Yes,5703,0.0,130.0,360.0,1.0,Rural,Y
214,LP001716,0,Graduate,No,3173,3021.0,137.0,360.0,1.0,Urban,Y
215,LP001720,3+,Not Graduate,No,3850,983.0,100.0,360.0,1.0,Semiurban,Y
216,LP001722,0,Graduate,No,150,1800.0,135.0,360.0,1.0,Rural,N
217,LP001726,0,Graduate,No,3727,1775.0,131.0,360.0,1.0,Semiurban,Y
218,LP001732,2,Graduate,,5000,0.0,72.0,360.0,0.0,Semiurban,N
219,LP001734,2,Graduate,No,4283,2383.0,127.0,360.0,,Semiurban,Y
220,LP001736,0,Graduate,No,2221,0.0,60.0,360.0,0.0,Urban,N
221,LP001743,2,Graduate,No,4009,1717.0,116.0,360.0,1.0,Semiurban,Y
222,LP001744,0,Graduate,No,2971,2791.0,144.0,360.0,1.0,Semiurban,Y
223,LP001749,0,Graduate,No,7578,1010.0,175.0,,1.0,Semiurban,Y
224,LP001750,0,Graduate,No,6250,0.0,128.0,360.0,1.0,Semiurban,Y
225,LP001751,0,Graduate,No,3250,0.0,170.0,360.0,1.0,Rural,N
226,LP001754,,Not Graduate,Yes,4735,0.0,138.0,360.0,1.0,Urban,N
227,LP001758,2,Graduate,No,6250,1695.0,210.0,360.0,1.0,Semiurban,Y
228,LP001760,,Graduate,No,4758,0.0,158.0,480.0,1.0,Semiurban,Y
229,LP001761,0,Graduate,Yes,6400,0.0,200.0,360.0,1.0,Rural,Y
230,LP001765,1,Graduate,No,2491,2054.0,104.0,360.0,1.0,Semiurban,Y
231,LP001768,0,Graduate,,3716,0.0,42.0,180.0,1.0,Rural,Y
232,LP001770,0,Not Graduate,No,3189,2598.0,120.0,,1.0,Rural,Y
233,LP001776,0,Graduate,No,8333,0.0,280.0,360.0,1.0,Semiurban,Y
234,LP001778,1,Graduate,No,3155,1779.0,140.0,360.0,1.0,Semiurban,Y
235,LP001784,1,Graduate,No,5500,1260.0,170.0,360.0,1.0,Rural,Y
236,LP001786,0,Graduate,,5746,0.0,255.0,360.0,,Urban,N
237,LP001788,0,Graduate,Yes,3463,0.0,122.0,360.0,,Urban,Y
238,LP001790,1,Graduate,No,3812,0.0,112.0,360.0,1.0,Rural,Y
239,LP001792,1,Graduate,No,3315,0.0,96.0,360.0,1.0,Semiurban,Y
240,LP001798,2,Graduate,No,5819,5000.0,120.0,360.0,1.0,Rural,Y
241,LP001800,1,Not Graduate,No,2510,1983.0,140.0,180.0,1.0,Urban,N
242,LP001806,0,Graduate,No,2965,5701.0,155.0,60.0,1.0,Urban,Y
243,LP001807,2,Graduate,Yes,6250,1300.0,108.0,360.0,1.0,Rural,Y
244,LP001811,0,Not Graduate,No,3406,4417.0,123.0,360.0,1.0,Semiurban,Y
245,LP001813,0,Graduate,Yes,6050,4333.0,120.0,180.0,1.0,Urban,N
246,LP001814,2,Graduate,No,9703,0.0,112.0,360.0,1.0,Urban,Y
247,LP001819,1,Not Graduate,No,6608,0.0,137.0,180.0,1.0,Urban,Y
248,LP001824,1,Graduate,No,2882,1843.0,123.0,480.0,1.0,Semiurban,Y
249,LP001825,0,Graduate,No,1809,1868.0,90.0,360.0,1.0,Urban,Y
250,LP001835,0,Not Graduate,No,1668,3890.0,201.0,360.0,0.0,Semiurban,N
251,LP001836,2,Graduate,No,3427,0.0,138.0,360.0,1.0,Urban,N
252,LP001841,0,Not Graduate,Yes,2583,2167.0,104.0,360.0,1.0,Rural,Y
253,LP001843,1,Not Graduate,No,2661,7101.0,279.0,180.0,1.0,Semiurban,Y
254,LP001844,0,Graduate,Yes,16250,0.0,192.0,360.0,0.0,Urban,N
255,LP001846,3+,Graduate,No,3083,0.0,255.0,360.0,1.0,Rural,Y
256,LP001849,0,Not Graduate,No,6045,0.0,115.0,360.0,0.0,Rural,N
257,LP001854,3+,Graduate,No,5250,0.0,94.0,360.0,1.0,Urban,N
258,LP001859,0,Graduate,No,14683,2100.0,304.0,360.0,1.0,Rural,N
259,LP001864,3+,Not Graduate,No,4931,0.0,128.0,360.0,,Semiurban,N
260,LP001865,1,Graduate,No,6083,4250.0,330.0,360.0,,Urban,Y
261,LP001868,0,Graduate,No,2060,2209.0,134.0,360.0,1.0,Semiurban,Y
262,LP001870,1,Graduate,No,3481,0.0,155.0,36.0,1.0,Semiurban,N
263,LP001871,0,Graduate,No,7200,0.0,120.0,360.0,1.0,Rural,Y
264,LP001872,0,Graduate,Yes,5166,0.0,128.0,360.0,1.0,Semiurban,Y
265,LP001875,0,Graduate,No,4095,3447.0,151.0,360.0,1.0,Rural,Y
266,LP001877,2,Graduate,No,4708,1387.0,150.0,360.0,1.0,Semiurban,Y
267,LP001882,3+,Graduate,No,4333,1811.0,160.0,360.0,0.0,Urban,Y
268,LP001883,0,Graduate,,3418,0.0,135.0,360.0,1.0,Rural,N
269,LP001884,1,Graduate,No,2876,1560.0,90.0,360.0,1.0,Urban,Y
270,LP001888,0,Graduate,No,3237,0.0,30.0,360.0,1.0,Urban,Y
271,LP001891,0,Graduate,No,11146,0.0,136.0,360.0,1.0,Urban,Y
272,LP001892,0,Graduate,No,2833,1857.0,126.0,360.0,1.0,Rural,Y
273,LP001894,0,Graduate,No,2620,2223.0,150.0,360.0,1.0,Semiurban,Y
274,LP001896,2,Graduate,No,3900,0.0,90.0,360.0,1.0,Semiurban,Y
275,LP001900,1,Graduate,No,2750,1842.0,115.0,360.0,1.0,Semiurban,Y
276,LP001903,0,Graduate,No,3993,3274.0,207.0,360.0,1.0,Semiurban,Y
277,LP001904,0,Graduate,No,3103,1300.0,80.0,360.0,1.0,Urban,Y
278,LP001907,0,Graduate,No,14583,0.0,436.0,360.0,1.0,Semiurban,Y
279,LP001908,0,Not Graduate,No,4100,0.0,124.0,360.0,,Rural,Y
280,LP001910,1,Not Graduate,Yes,4053,2426.0,158.0,360.0,0.0,Urban,N
281,LP001914,0,Graduate,No,3927,800.0,112.0,360.0,1.0,Semiurban,Y
282,LP001915,2,Graduate,No,2301,985.7999877999998,78.0,180.0,1.0,Urban,Y
283,LP001917,0,Graduate,No,1811,1666.0,54.0,360.0,1.0,Urban,Y
284,LP001922,0,Graduate,No,20667,0.0,,360.0,1.0,Rural,N
285,LP001924,0,Graduate,No,3158,3053.0,89.0,360.0,1.0,Rural,Y
286,LP001925,0,Graduate,Yes,2600,1717.0,99.0,300.0,1.0,Semiurban,N
287,LP001926,0,Graduate,No,3704,2000.0,120.0,360.0,1.0,Rural,Y
288,LP001931,0,Graduate,No,4124,0.0,115.0,360.0,1.0,Semiurban,Y
289,LP001935,0,Graduate,No,9508,0.0,187.0,360.0,1.0,Rural,Y
290,LP001936,0,Graduate,No,3075,2416.0,139.0,360.0,1.0,Rural,Y
291,LP001938,2,Graduate,No,4400,0.0,127.0,360.0,0.0,Semiurban,N
292,LP001940,2,Graduate,No,3153,1560.0,134.0,360.0,1.0,Urban,Y
293,LP001945,,Graduate,No,5417,0.0,143.0,480.0,0.0,Urban,N
294,LP001947,0,Graduate,No,2383,3334.0,172.0,360.0,1.0,Semiurban,Y
295,LP001949,3+,Graduate,,4416,1250.0,110.0,360.0,1.0,Urban,Y
296,LP001953,1,Graduate,No,6875,0.0,200.0,360.0,1.0,Semiurban,Y
297,LP001954,1,Graduate,No,4666,0.0,135.0,360.0,1.0,Urban,Y
298,LP001955,0,Graduate,No,5000,2541.0,151.0,480.0,1.0,Rural,N
299,LP001963,1,Graduate,No,2014,2925.0,113.0,360.0,1.0,Urban,N
300,LP001964,0,Not Graduate,No,1800,2934.0,93.0,360.0,0.0,Urban,N
301,LP001972,,Not Graduate,No,2875,1750.0,105.0,360.0,1.0,Semiurban,Y
302,LP001974,0,Graduate,No,5000,0.0,132.0,360.0,1.0,Rural,Y
303,LP001977,1,Graduate,No,1625,1803.0,96.0,360.0,1.0,Urban,Y
304,LP001978,0,Graduate,No,4000,2500.0,140.0,360.0,1.0,Rural,Y
305,LP001990,0,Not Graduate,No,2000,0.0,,360.0,1.0,Urban,N
306,LP001993,0,Graduate,No,3762,1666.0,135.0,360.0,1.0,Rural,Y
307,LP001994,0,Graduate,No,2400,1863.0,104.0,360.0,0.0,Urban,N
308,LP001996,0,Graduate,No,20233,0.0,480.0,360.0,1.0,Rural,N
309,LP001998,2,Not Graduate,No,7667,0.0,185.0,360.0,,Rural,Y
310,LP002002,0,Graduate,No,2917,0.0,84.0,360.0,1.0,Semiurban,Y
311,LP002004,0,Not Graduate,No,2927,2405.0,111.0,360.0,1.0,Semiurban,Y
312,LP002006,0,Graduate,No,2507,0.0,56.0,360.0,1.0,Rural,Y
313,LP002008,2,Graduate,Yes,5746,0.0,144.0,84.0,,Rural,Y
314,LP002024,0,Graduate,No,2473,1843.0,159.0,360.0,1.0,Rural,N
315,LP002031,1,Not Graduate,No,3399,1640.0,111.0,180.0,1.0,Urban,Y
316,LP002035,2,Graduate,No,3717,0.0,120.0,360.0,1.0,Semiurban,Y
317,LP002036,0,Graduate,No,2058,2134.0,88.0,360.0,,Urban,Y
318,LP002043,1,Graduate,No,3541,0.0,112.0,360.0,,Semiurban,Y
319,LP002050,1,Graduate,Yes,10000,0.0,155.0,360.0,1.0,Rural,N
320,LP002051,0,Graduate,No,2400,2167.0,115.0,360.0,1.0,Semiurban,Y
321,LP002053,3+,Graduate,No,4342,189.0,124.0,360.0,1.0,Semiurban,Y
322,LP002054,2,Not Graduate,No,3601,1590.0,,360.0,1.0,Rural,Y
323,LP002055,0,Graduate,No,3166,2985.0,132.0,360.0,,Rural,Y
324,LP002065,3+,Graduate,No,15000,0.0,300.0,360.0,1.0,Rural,Y
325,LP002067,1,Graduate,Yes,8666,4983.0,376.0,360.0,0.0,Rural,N
326,LP002068,0,Graduate,No,4917,0.0,130.0,360.0,0.0,Rural,Y
327,LP002082,0,Graduate,Yes,5818,2160.0,184.0,360.0,1.0,Semiurban,Y
328,LP002086,0,Graduate,No,4333,2451.0,110.0,360.0,1.0,Urban,N
329,LP002087,0,Graduate,No,2500,0.0,67.0,360.0,1.0,Urban,Y
330,LP002097,1,Graduate,No,4384,1793.0,117.0,360.0,1.0,Urban,Y
331,LP002098,0,Graduate,No,2935,0.0,98.0,360.0,1.0,Semiurban,Y
332,LP002100,,Graduate,No,2833,0.0,71.0,360.0,1.0,Urban,Y
333,LP002101,0,Graduate,,63337,0.0,490.0,180.0,1.0,Urban,Y
334,LP002103,1,Graduate,Yes,9833,1833.0,182.0,180.0,1.0,Urban,Y
335,LP002106,,Graduate,Yes,5503,4490.0,70.0,,1.0,Semiurban,Y
336,LP002110,1,Graduate,,5250,688.0,160.0,360.0,1.0,Rural,Y
337,LP002112,2,Graduate,Yes,2500,4600.0,176.0,360.0,1.0,Rural,Y
338,LP002113,3+,Not Graduate,No,1830,0.0,,360.0,0.0,Urban,N
339,LP002114,0,Graduate,No,4160,0.0,71.0,360.0,1.0,Semiurban,Y
340,LP002115,3+,Not Graduate,No,2647,1587.0,173.0,360.0,1.0,Rural,N
341,LP002116,0,Graduate,No,2378,0.0,46.0,360.0,1.0,Rural,N
342,LP002119,1,Not Graduate,No,4554,1229.0,158.0,360.0,1.0,Urban,Y
343,LP002126,3+,Not Graduate,No,3173,0.0,74.0,360.0,1.0,Semiurban,Y
344,LP002128,2,Graduate,,2583,2330.0,125.0,360.0,1.0,Rural,Y
345,LP002129,0,Graduate,No,2499,2458.0,160.0,360.0,1.0,Semiurban,Y
346,LP002130,,Not Graduate,No,3523,3230.0,152.0,360.0,0.0,Rural,N
347,LP002131,2,Not Graduate,No,3083,2168.0,126.0,360.0,1.0,Urban,Y
348,LP002137,0,Graduate,No,6333,4583.0,259.0,360.0,,Semiurban,Y
349,LP002138,0,Graduate,No,2625,6250.0,187.0,360.0,1.0,Rural,Y
350,LP002139,0,Graduate,No,9083,0.0,228.0,360.0,1.0,Semiurban,Y
351,LP002140,0,Graduate,No,8750,4167.0,308.0,360.0,1.0,Rural,N
352,LP002141,3+,Graduate,No,2666,2083.0,95.0,360.0,1.0,Rural,Y
353,LP002142,0,Graduate,Yes,5500,0.0,105.0,360.0,0.0,Rural,N
354,LP002143,0,Graduate,No,2423,505.0,130.0,360.0,1.0,Semiurban,Y
355,LP002144,,Graduate,No,3813,0.0,116.0,180.0,1.0,Urban,Y
356,LP002149,2,Graduate,No,8333,3167.0,165.0,360.0,1.0,Rural,Y
357,LP002151,1,Graduate,No,3875,0.0,67.0,360.0,1.0,Urban,N
358,LP002158,0,Not Graduate,No,3000,1666.0,100.0,480.0,0.0,Urban,N
359,LP002160,3+,Graduate,No,5167,3167.0,200.0,360.0,1.0,Semiurban,Y
360,LP002161,1,Graduate,No,4723,0.0,81.0,360.0,1.0,Semiurban,N
361,LP002170,2,Graduate,No,5000,3667.0,236.0,360.0,1.0,Semiurban,Y
362,LP002175,0,Graduate,No,4750,2333.0,130.0,360.0,1.0,Urban,Y
363,LP002178,0,Graduate,No,3013,3033.0,95.0,300.0,,Urban,Y
364,LP002180,0,Graduate,Yes,6822,0.0,141.0,360.0,1.0,Rural,Y
365,LP002181,0,Not Graduate,No,6216,0.0,133.0,360.0,1.0,Rural,N
366,LP002187,0,Graduate,No,2500,0.0,96.0,480.0,1.0,Semiurban,N
367,LP002188,0,Graduate,No,5124,0.0,124.0,,0.0,Rural,N
368,LP002190,1,Graduate,No,6325,0.0,175.0,360.0,1.0,Semiurban,Y
369,LP002191,0,Graduate,No,19730,5266.0,570.0,360.0,1.0,Rural,N
370,LP002194,0,Graduate,Yes,15759,0.0,55.0,360.0,1.0,Semiurban,Y
371,LP002197,2,Graduate,No,5185,0.0,155.0,360.0,1.0,Semiurban,Y
372,LP002201,2,Graduate,Yes,9323,7873.0,380.0,300.0,1.0,Rural,Y
373,LP002205,1,Graduate,No,3062,1987.0,111.0,180.0,0.0,Urban,N
374,LP002209,0,Graduate,,2764,1459.0,110.0,360.0,1.0,Urban,Y
375,LP002211,0,Graduate,No,4817,923.0,120.0,180.0,1.0,Urban,Y
376,LP002219,3+,Graduate,No,8750,4996.0,130.0,360.0,1.0,Rural,Y
377,LP002223,0,Graduate,No,4310,0.0,130.0,360.0,,Semiurban,Y
378,LP002224,0,Graduate,No,3069,0.0,71.0,480.0,1.0,Urban,N
379,LP002225,2,Graduate,No,5391,0.0,130.0,360.0,1.0,Urban,Y
380,LP002226,0,Graduate,,3333,2500.0,128.0,360.0,1.0,Semiurban,Y
381,LP002229,0,Graduate,No,5941,4232.0,296.0,360.0,1.0,Semiurban,Y
382,LP002231,0,Graduate,No,6000,0.0,156.0,360.0,1.0,Urban,Y
383,LP002234,0,Graduate,Yes,7167,0.0,128.0,360.0,1.0,Urban,Y
384,LP002236,2,Graduate,No,4566,0.0,100.0,360.0,1.0,Urban,N
385,LP002237,1,Graduate,,3667,0.0,113.0,180.0,1.0,Urban,Y
386,LP002239,0,Not Graduate,No,2346,1600.0,132.0,360.0,1.0,Semiurban,Y
387,LP002243,0,Not Graduate,No,3010,3136.0,,360.0,0.0,Urban,N
388,LP002244,0,Graduate,No,2333,2417.0,136.0,360.0,1.0,Urban,Y
389,LP002250,0,Graduate,No,5488,0.0,125.0,360.0,1.0,Rural,Y
390,LP002255,3+,Graduate,No,9167,0.0,185.0,360.0,1.0,Rural,Y
391,LP002262,3+,Graduate,No,9504,0.0,275.0,360.0,1.0,Rural,Y
392,LP002263,0,Graduate,No,2583,2115.0,120.0,360.0,,Urban,Y
393,LP002265,2,Not Graduate,No,1993,1625.0,113.0,180.0,1.0,Semiurban,Y
394,LP002266,2,Graduate,No,3100,1400.0,113.0,360.0,1.0,Urban,Y
395,LP002272,2,Graduate,No,3276,484.0,135.0,360.0,,Semiurban,Y
396,LP002277,0,Graduate,No,3180,0.0,71.0,360.0,0.0,Urban,N
397,LP002281,0,Graduate,No,3033,1459.0,95.0,360.0,1.0,Urban,Y
398,LP002284,0,Not Graduate,No,3902,1666.0,109.0,360.0,1.0,Rural,Y
399,LP002287,0,Graduate,No,1500,1800.0,103.0,360.0,0.0,Semiurban,N
400,LP002288,2,Not Graduate,No,2889,0.0,45.0,180.0,0.0,Urban,N
401,LP002296,0,Not Graduate,No,2755,0.0,65.0,300.0,1.0,Rural,N
402,LP002297,0,Graduate,No,2500,20000.0,103.0,360.0,1.0,Semiurban,Y
403,LP002300,0,Not Graduate,No,1963,0.0,53.0,360.0,1.0,Semiurban,Y
404,LP002301,0,Graduate,Yes,7441,0.0,194.0,360.0,1.0,Rural,N
405,LP002305,0,Graduate,No,4547,0.0,115.0,360.0,1.0,Semiurban,Y
406,LP002308,0,Not Graduate,No,2167,2400.0,115.0,360.0,1.0,Urban,Y
407,LP002314,0,Not Graduate,No,2213,0.0,66.0,360.0,1.0,Rural,Y
408,LP002315,1,Graduate,No,8300,0.0,152.0,300.0,0.0,Semiurban,N
409,LP002317,3+,Graduate,No,81000,0.0,360.0,360.0,0.0,Rural,N
410,LP002318,1,Not Graduate,Yes,3867,0.0,62.0,360.0,1.0,Semiurban,N
411,LP002319,0,Graduate,,6256,0.0,160.0,360.0,,Urban,Y
412,LP002328,0,Not Graduate,No,6096,0.0,218.0,360.0,0.0,Rural,N
413,LP002332,0,Not Graduate,No,2253,2033.0,110.0,360.0,1.0,Rural,Y
414,LP002335,0,Not Graduate,No,2149,3237.0,178.0,360.0,0.0,Semiurban,N
415,LP002337,0,Graduate,No,2995,0.0,60.0,360.0,1.0,Urban,Y
416,LP002341,1,Graduate,No,2600,0.0,160.0,360.0,1.0,Urban,N
417,LP002342,2,Graduate,Yes,1600,20000.0,239.0,360.0,1.0,Urban,N
418,LP002345,0,Graduate,No,1025,2773.0,112.0,360.0,1.0,Rural,Y
419,LP002347,0,Graduate,No,3246,1417.0,138.0,360.0,1.0,Semiurban,Y
420,LP002348,0,Graduate,No,5829,0.0,138.0,360.0,1.0,Rural,Y
421,LP002357,0,Not Graduate,No,2720,0.0,80.0,,0.0,Urban,N
422,LP002361,0,Graduate,No,1820,1719.0,100.0,360.0,1.0,Urban,Y
423,LP002362,1,Graduate,No,7250,1667.0,110.0,,0.0,Urban,N
424,LP002364,0,Graduate,No,14880,0.0,96.0,360.0,1.0,Semiurban,Y
425,LP002366,0,Graduate,No,2666,4300.0,121.0,360.0,1.0,Rural,Y
426,LP002367,1,Not Graduate,No,4606,0.0,81.0,360.0,1.0,Rural,N
427,LP002368,2,Graduate,No,5935,0.0,133.0,360.0,1.0,Semiurban,Y
428,LP002369,0,Graduate,No,2920,16.12000084,87.0,360.0,1.0,Rural,Y
429,LP002370,0,Not Graduate,No,2717,0.0,60.0,180.0,1.0,Urban,Y
430,LP002377,1,Graduate,Yes,8624,0.0,150.0,360.0,1.0,Semiurban,Y
431,LP002379,0,Graduate,No,6500,0.0,105.0,360.0,0.0,Rural,N
432,LP002386,0,Graduate,,12876,0.0,405.0,360.0,1.0,Semiurban,Y
433,LP002387,0,Graduate,No,2425,2340.0,143.0,360.0,1.0,Semiurban,Y
434,LP002390,0,Graduate,No,3750,0.0,100.0,360.0,1.0,Urban,Y
435,LP002393,,Graduate,No,10047,0.0,,240.0,1.0,Semiurban,Y
436,LP002398,0,Graduate,No,1926,1851.0,50.0,360.0,1.0,Semiurban,Y
437,LP002401,0,Graduate,No,2213,1125.0,,360.0,1.0,Urban,Y
438,LP002403,0,Graduate,Yes,10416,0.0,187.0,360.0,0.0,Urban,N
439,LP002407,0,Not Graduate,Yes,7142,0.0,138.0,360.0,1.0,Rural,Y
440,LP002408,0,Graduate,No,3660,5064.0,187.0,360.0,1.0,Semiurban,Y
441,LP002409,0,Graduate,No,7901,1833.0,180.0,360.0,1.0,Rural,Y
442,LP002418,3+,Not Graduate,No,4707,1993.0,148.0,360.0,1.0,Semiurban,Y
443,LP002422,1,Graduate,No,37719,0.0,152.0,360.0,1.0,Semiurban,Y
444,LP002424,0,Graduate,No,7333,8333.0,175.0,300.0,,Rural,Y
445,LP002429,1,Graduate,Yes,3466,1210.0,130.0,360.0,1.0,Rural,Y
446,LP002434,2,Not Graduate,No,4652,0.0,110.0,360.0,1.0,Rural,Y
447,LP002435,0,Graduate,,3539,1376.0,55.0,360.0,1.0,Rural,N
448,LP002443,2,Graduate,No,3340,1710.0,150.0,360.0,0.0,Rural,N
449,LP002444,1,Not Graduate,Yes,2769,1542.0,190.0,360.0,,Semiurban,N
450,LP002446,2,Not Graduate,No,2309,1255.0,125.0,360.0,0.0,Rural,N
451,LP002447,2,Not Graduate,No,1958,1456.0,60.0,300.0,,Urban,Y
452,LP002448,0,Graduate,No,3948,1733.0,149.0,360.0,0.0,Rural,N
453,LP002449,0,Graduate,No,2483,2466.0,90.0,180.0,0.0,Rural,Y
454,LP002453,0,Graduate,Yes,7085,0.0,84.0,360.0,1.0,Semiurban,Y
455,LP002455,2,Graduate,No,3859,0.0,96.0,360.0,1.0,Semiurban,Y
456,LP002459,0,Graduate,No,4301,0.0,118.0,360.0,1.0,Urban,Y
457,LP002467,0,Graduate,No,3708,2569.0,173.0,360.0,1.0,Urban,N
458,LP002472,2,Graduate,No,4354,0.0,136.0,360.0,1.0,Rural,Y
459,LP002473,0,Graduate,No,8334,0.0,160.0,360.0,1.0,Semiurban,N
460,LP002478,0,Graduate,Yes,2083,4083.0,160.0,360.0,,Semiurban,Y
461,LP002484,3+,Graduate,No,7740,0.0,128.0,180.0,1.0,Urban,Y
462,LP002487,0,Graduate,No,3015,2188.0,153.0,360.0,1.0,Rural,Y
463,LP002489,1,Not Graduate,,5191,0.0,132.0,360.0,1.0,Semiurban,Y
464,LP002493,0,Graduate,No,4166,0.0,98.0,360.0,0.0,Semiurban,N
465,LP002494,0,Graduate,No,6000,0.0,140.0,360.0,1.0,Rural,Y
466,LP002500,3+,Not Graduate,No,2947,1664.0,70.0,180.0,0.0,Urban,N
467,LP002501,0,Graduate,No,16692,0.0,110.0,360.0,1.0,Semiurban,Y
468,LP002502,2,Not Graduate,,210,2917.0,98.0,360.0,1.0,Semiurban,Y
469,LP002505,0,Graduate,No,4333,2451.0,110.0,360.0,1.0,Urban,N
470,LP002515,1,Graduate,Yes,3450,2079.0,162.0,360.0,1.0,Semiurban,Y
471,LP002517,1,Not Graduate,No,2653,1500.0,113.0,180.0,0.0,Rural,N
472,LP002519,3+,Graduate,No,4691,0.0,100.0,360.0,1.0,Semiurban,Y
473,LP002522,0,Graduate,Yes,2500,0.0,93.0,360.0,,Urban,Y
474,LP002524,2,Graduate,No,5532,4648.0,162.0,360.0,1.0,Rural,Y
475,LP002527,2,Graduate,Yes,16525,1014.0,150.0,360.0,1.0,Rural,Y
476,LP002529,2,Graduate,No,6700,1750.0,230.0,300.0,1.0,Semiurban,Y
477,LP002530,2,Graduate,No,2873,1872.0,132.0,360.0,0.0,Semiurban,N
478,LP002531,1,Graduate,Yes,16667,2250.0,86.0,360.0,1.0,Semiurban,Y
479,LP002533,2,Graduate,No,2947,1603.0,,360.0,1.0,Urban,N
480,LP002534,0,Not Graduate,No,4350,0.0,154.0,360.0,1.0,Rural,Y
481,LP002536,3+,Not Graduate,No,3095,0.0,113.0,360.0,1.0,Rural,Y
482,LP002537,0,Graduate,No,2083,3150.0,128.0,360.0,1.0,Semiurban,Y
483,LP002541,0,Graduate,No,10833,0.0,234.0,360.0,1.0,Semiurban,Y
484,LP002543,2,Graduate,No,8333,0.0,246.0,360.0,1.0,Semiurban,Y
485,LP002544,1,Not Graduate,No,1958,2436.0,131.0,360.0,1.0,Rural,Y
486,LP002545,2,Graduate,No,3547,0.0,80.0,360.0,0.0,Rural,N
487,LP002547,1,Graduate,No,18333,0.0,500.0,360.0,1.0,Urban,N
488,LP002555,2,Graduate,Yes,4583,2083.0,160.0,360.0,1.0,Semiurban,Y
489,LP002556,0,Graduate,No,2435,0.0,75.0,360.0,1.0,Urban,N
490,LP002560,0,Not Graduate,No,2699,2785.0,96.0,360.0,,Semiurban,Y
491,LP002562,1,Not Graduate,No,5333,1131.0,186.0,360.0,,Urban,Y
492,LP002571,0,Not Graduate,No,3691,0.0,110.0,360.0,1.0,Rural,Y
493,LP002582,0,Not Graduate,Yes,17263,0.0,225.0,360.0,1.0,Semiurban,Y
494,LP002585,0,Graduate,No,3597,2157.0,119.0,360.0,0.0,Rural,N
495,LP002586,1,Graduate,No,3326,913.0,105.0,84.0,1.0,Semiurban,Y
496,LP002587,0,Not Graduate,No,2600,1700.0,107.0,360.0,1.0,Rural,Y
497,LP002588,0,Graduate,No,4625,2857.0,111.0,12.0,,Urban,Y
498,LP002600,1,Graduate,Yes,2895,0.0,95.0,360.0,1.0,Semiurban,Y
499,LP002602,0,Graduate,No,6283,4416.0,209.0,360.0,0.0,Rural,N
500,LP002603,0,Graduate,No,645,3683.0,113.0,480.0,1.0,Rural,Y
501,LP002606,0,Graduate,No,3159,0.0,100.0,360.0,1.0,Semiurban,Y
502,LP002615,2,Graduate,No,4865,5624.0,208.0,360.0,1.0,Semiurban,Y
503,LP002618,1,Not Graduate,No,4050,5302.0,138.0,360.0,,Rural,N
504,LP002619,0,Not Graduate,No,3814,1483.0,124.0,300.0,1.0,Semiurban,Y
505,LP002622,2,Graduate,No,3510,4416.0,243.0,360.0,1.0,Rural,Y
506,LP002624,0,Graduate,No,20833,6667.0,480.0,360.0,,Urban,Y
507,LP002625,0,Graduate,No,3583,0.0,96.0,360.0,1.0,Urban,N
508,LP002626,0,Graduate,Yes,2479,3013.0,188.0,360.0,1.0,Urban,Y
509,LP002634,1,Graduate,No,13262,0.0,40.0,360.0,1.0,Urban,Y
510,LP002637,0,Not Graduate,No,3598,1287.0,100.0,360.0,1.0,Rural,N
511,LP002640,1,Graduate,No,6065,2004.0,250.0,360.0,1.0,Semiurban,Y
512,LP002643,2,Graduate,No,3283,2035.0,148.0,360.0,1.0,Urban,Y
513,LP002648,0,Graduate,No,2130,6666.0,70.0,180.0,1.0,Semiurban,N
514,LP002652,0,Graduate,No,5815,3666.0,311.0,360.0,1.0,Rural,N
515,LP002659,3+,Graduate,No,3466,3428.0,150.0,360.0,1.0,Rural,Y
516,LP002670,2,Graduate,No,2031,1632.0,113.0,480.0,1.0,Semiurban,Y
517,LP002682,,Not Graduate,No,3074,1800.0,123.0,360.0,0.0,Semiurban,N
518,LP002683,0,Graduate,No,4683,1915.0,185.0,360.0,1.0,Semiurban,N
519,LP002684,0,Not Graduate,No,3400,0.0,95.0,360.0,1.0,Rural,N
520,LP002689,2,Not Graduate,No,2192,1742.0,45.0,360.0,1.0,Semiurban,Y
521,LP002690,0,Graduate,No,2500,0.0,55.0,360.0,1.0,Semiurban,Y
522,LP002692,3+,Graduate,Yes,5677,1424.0,100.0,360.0,1.0,Rural,Y
523,LP002693,2,Graduate,Yes,7948,7166.0,480.0,360.0,1.0,Rural,Y
524,LP002697,0,Graduate,No,4680,2087.0,,360.0,1.0,Semiurban,N
525,LP002699,2,Graduate,Yes,17500,0.0,400.0,360.0,1.0,Rural,Y
526,LP002705,0,Graduate,No,3775,0.0,110.0,360.0,1.0,Semiurban,Y
527,LP002706,1,Not Graduate,No,5285,1430.0,161.0,360.0,0.0,Semiurban,Y
528,LP002714,1,Not Graduate,No,2679,1302.0,94.0,360.0,1.0,Semiurban,Y
529,LP002716,0,Not Graduate,No,6783,0.0,130.0,360.0,1.0,Semiurban,Y
530,LP002717,0,Graduate,No,1025,5500.0,216.0,360.0,,Rural,Y
531,LP002720,3+,Graduate,No,4281,0.0,100.0,360.0,1.0,Urban,Y
532,LP002723,2,Graduate,No,3588,0.0,110.0,360.0,0.0,Rural,N
533,LP002729,1,Graduate,No,11250,0.0,196.0,360.0,,Semiurban,N
534,LP002731,0,Not Graduate,Yes,18165,0.0,125.0,360.0,1.0,Urban,Y
535,LP002732,0,Not Graduate,,2550,2042.0,126.0,360.0,1.0,Rural,Y
536,LP002734,0,Graduate,No,6133,3906.0,324.0,360.0,1.0,Urban,Y
537,LP002738,2,Graduate,No,3617,0.0,107.0,360.0,1.0,Semiurban,Y
538,LP002739,0,Not Graduate,No,2917,536.0,66.0,360.0,1.0,Rural,N
539,LP002740,3+,Graduate,No,6417,0.0,157.0,180.0,1.0,Rural,Y
540,LP002741,1,Graduate,No,4608,2845.0,140.0,180.0,1.0,Semiurban,Y
541,LP002743,0,Graduate,No,2138,0.0,99.0,360.0,0.0,Semiurban,N
542,LP002753,1,Graduate,,3652,0.0,95.0,360.0,1.0,Semiurban,Y
543,LP002755,1,Not Graduate,No,2239,2524.0,128.0,360.0,1.0,Urban,Y
544,LP002757,0,Not Graduate,No,3017,663.0,102.0,360.0,,Semiurban,Y
545,LP002767,0,Graduate,No,2768,1950.0,155.0,360.0,1.0,Rural,Y
546,LP002768,0,Not Graduate,No,3358,0.0,80.0,36.0,1.0,Semiurban,N
547,LP002772,0,Graduate,No,2526,1783.0,145.0,360.0,1.0,Rural,Y
548,LP002776,0,Graduate,No,5000,0.0,103.0,360.0,0.0,Semiurban,N
549,LP002777,0,Graduate,No,2785,2016.0,110.0,360.0,1.0,Rural,Y
550,LP002778,2,Graduate,Yes,6633,0.0,,360.0,0.0,Rural,N
551,LP002784,1,Not Graduate,No,2492,2375.0,,360.0,1.0,Rural,Y
552,LP002785,1,Graduate,No,3333,3250.0,158.0,360.0,1.0,Urban,Y
553,LP002788,0,Not Graduate,No,2454,2333.0,181.0,360.0,0.0,Urban,N
554,LP002789,0,Graduate,No,3593,4266.0,132.0,180.0,0.0,Rural,N
555,LP002792,1,Graduate,No,5468,1032.0,26.0,360.0,1.0,Semiurban,Y
556,LP002794,0,Graduate,No,2667,1625.0,84.0,360.0,,Urban,Y
557,LP002795,3+,Graduate,Yes,10139,0.0,260.0,360.0,1.0,Semiurban,Y
558,LP002798,0,Graduate,No,3887,2669.0,162.0,360.0,1.0,Semiurban,Y
559,LP002804,0,Graduate,No,4180,2306.0,182.0,360.0,1.0,Semiurban,Y
560,LP002807,2,Not Graduate,No,3675,242.0,108.0,360.0,1.0,Semiurban,Y
561,LP002813,1,Graduate,Yes,19484,0.0,600.0,360.0,1.0,Semiurban,Y
562,LP002820,0,Graduate,No,5923,2054.0,211.0,360.0,1.0,Rural,Y
563,LP002821,0,Not Graduate,Yes,5800,0.0,132.0,360.0,1.0,Semiurban,Y
564,LP002832,2,Graduate,No,8799,0.0,258.0,360.0,0.0,Urban,N
565,LP002833,0,Not Graduate,No,4467,0.0,120.0,360.0,,Rural,Y
566,LP002836,0,Graduate,No,3333,0.0,70.0,360.0,1.0,Urban,Y
567,LP002837,3+,Graduate,No,3400,2500.0,123.0,360.0,0.0,Rural,N
568,LP002840,0,Graduate,No,2378,0.0,9.0,360.0,1.0,Urban,N
569,LP002841,0,Graduate,No,3166,2064.0,104.0,360.0,0.0,Urban,N
570,LP002842,1,Graduate,No,3417,1750.0,186.0,360.0,1.0,Urban,Y
571,LP002847,,Graduate,No,5116,1451.0,165.0,360.0,0.0,Urban,N
572,LP002855,2,Graduate,No,16666,0.0,275.0,360.0,1.0,Urban,Y
573,LP002862,2,Not Graduate,No,6125,1625.0,187.0,480.0,1.0,Semiurban,N
574,LP002863,3+,Graduate,No,6406,0.0,150.0,360.0,1.0,Semiurban,N
575,LP002868,2,Graduate,No,3159,461.0,108.0,84.0,1.0,Urban,Y
576,LP002872,0,Graduate,No,3087,2210.0,136.0,360.0,0.0,Semiurban,N
577,LP002874,0,Graduate,No,3229,2739.0,110.0,360.0,1.0,Urban,Y
578,LP002877,1,Graduate,No,1782,2232.0,107.0,360.0,1.0,Rural,Y
579,LP002888,0,Graduate,,3182,2917.0,161.0,360.0,1.0,Urban,Y
580,LP002892,2,Graduate,No,6540,0.0,205.0,360.0,1.0,Semiurban,Y
581,LP002893,0,Graduate,No,1836,33837.0,90.0,360.0,1.0,Urban,N
582,LP002894,0,Graduate,No,3166,0.0,36.0,360.0,1.0,Semiurban,Y
583,LP002898,1,Graduate,No,1880,0.0,61.0,360.0,,Rural,N
584,LP002911,1,Graduate,No,2787,1917.0,146.0,360.0,0.0,Rural,N
585,LP002912,1,Graduate,No,4283,3000.0,172.0,84.0,1.0,Rural,N
586,LP002916,0,Graduate,No,2297,1522.0,104.0,360.0,1.0,Urban,Y
587,LP002917,0,Not Graduate,No,2165,0.0,70.0,360.0,1.0,Semiurban,Y
588,LP002925,0,Graduate,No,4750,0.0,94.0,360.0,1.0,Semiurban,Y
589,LP002926,2,Graduate,Yes,2726,0.0,106.0,360.0,0.0,Semiurban,N
590,LP002928,0,Graduate,No,3000,3416.0,56.0,180.0,1.0,Semiurban,Y
591,LP002931,2,Graduate,Yes,6000,0.0,205.0,240.0,1.0,Semiurban,N
592,LP002933,3+,Graduate,Yes,9357,0.0,292.0,360.0,1.0,Semiurban,Y
593,LP002936,0,Graduate,No,3859,3300.0,142.0,180.0,1.0,Rural,Y
594,LP002938,0,Graduate,Yes,16120,0.0,260.0,360.0,1.0,Urban,Y
595,LP002940,0,Not Graduate,No,3833,0.0,110.0,360.0,1.0,Rural,Y
596,LP002941,2,Not Graduate,Yes,6383,1000.0,187.0,360.0,1.0,Rural,N
597,LP002943,,Graduate,No,2987,0.0,88.0,360.0,0.0,Semiurban,N
598,LP002945,0,Graduate,Yes,9963,0.0,180.0,360.0,1.0,Rural,Y
599,LP002948,2,Graduate,No,5780,0.0,192.0,360.0,1.0,Urban,Y
600,LP002949,3+,Graduate,,416,41667.0,350.0,180.0,,Urban,N
601,LP002950,0,Not Graduate,,2894,2792.0,155.0,360.0,1.0,Rural,Y
602,LP002953,3+,Graduate,No,5703,0.0,128.0,360.0,1.0,Urban,Y
603,LP002958,0,Graduate,No,3676,4301.0,172.0,360.0,1.0,Rural,Y
604,LP002959,1,Graduate,No,12000,0.0,496.0,360.0,1.0,Semiurban,Y
605,LP002960,0,Not Graduate,No,2400,3800.0,,180.0,1.0,Urban,N
606,LP002961,1,Graduate,No,3400,2500.0,173.0,360.0,1.0,Semiurban,Y
607,LP002964,2,Not Graduate,No,3987,1411.0,157.0,360.0,1.0,Rural,Y
608,LP002974,0,Graduate,No,3232,1950.0,108.0,360.0,1.0,Rural,Y
609,LP002978,0,Graduate,No,2900,0.0,71.0,360.0,1.0,Rural,Y
610,LP002979,3+,Graduate,No,4106,0.0,40.0,180.0,1.0,Rural,Y
611,LP002983,1,Graduate,No,8072,240.0,253.0,360.0,1.0,Urban,Y
612,LP002984,2,Graduate,No,7583,0.0,187.0,360.0,1.0,Urban,Y
613,LP002990,0,Graduate,Yes,4583,0.0,133.0,360.0,0.0,Semiurban,N
